{
 "Device" : "GW5A-25A",
 "Files" : [
  {
   "Path" : "H:/FPGA/LPF+EQ+echo2+rev/src/WM8960_Init/I2C_Init_Dev.v",
   "Type" : "verilog"
  },
  {
   "Path" : "H:/FPGA/LPF+EQ+echo2+rev/src/WM8960_Init/WM8960_Init.v",
   "Type" : "verilog"
  },
  {
   "Path" : "H:/FPGA/LPF+EQ+echo2+rev/src/WM8960_Init/i2c_bit_shift.v",
   "Type" : "verilog"
  },
  {
   "Path" : "H:/FPGA/LPF+EQ+echo2+rev/src/WM8960_Init/i2c_control.v",
   "Type" : "verilog"
  },
  {
   "Path" : "H:/FPGA/LPF+EQ+echo2+rev/src/WM8960_Init/wm8960_init_table.v",
   "Type" : "verilog"
  },
  {
   "Path" : "H:/FPGA/LPF+EQ+echo2+rev/src/fifo/async_fifo.v",
   "Type" : "verilog"
  },
  {
   "Path" : "H:/FPGA/LPF+EQ+echo2+rev/src/fifo/async_fifo_ctrl.v",
   "Type" : "verilog"
  },
  {
   "Path" : "H:/FPGA/LPF+EQ+echo2+rev/src/fifo/dpram.v",
   "Type" : "verilog"
  },
  {
   "Path" : "H:/FPGA/LPF+EQ+echo2+rev/src/fifo2/fifo_top/fifo2.v",
   "Type" : "verilog"
  },
  {
   "Path" : "H:/FPGA/LPF+EQ+echo2+rev/src/fifo_rev/fifo_top/fifo_rev.v",
   "Type" : "verilog"
  },
  {
   "Path" : "H:/FPGA/LPF+EQ+echo2+rev/src/fifo_top/fifo_top.v",
   "Type" : "verilog"
  },
  {
   "Path" : "H:/FPGA/LPF+EQ+echo2+rev/src/fir2k_4k.v",
   "Type" : "verilog"
  },
  {
   "Path" : "H:/FPGA/LPF+EQ+echo2+rev/src/fir31.v",
   "Type" : "verilog"
  },
  {
   "Path" : "H:/FPGA/LPF+EQ+echo2+rev/src/fir_4k_6k.v",
   "Type" : "verilog"
  },
  {
   "Path" : "H:/FPGA/LPF+EQ+echo2+rev/src/fir_6k_8k.v",
   "Type" : "verilog"
  },
  {
   "Path" : "H:/FPGA/LPF+EQ+echo2+rev/src/gowin_pll/gowin_pll.v",
   "Type" : "verilog"
  },
  {
   "Path" : "H:/FPGA/LPF+EQ+echo2+rev/src/i2s/i2s_rx.v",
   "Type" : "verilog"
  },
  {
   "Path" : "H:/FPGA/LPF+EQ+echo2+rev/src/i2s/i2s_tx.v",
   "Type" : "verilog"
  },
  {
   "Path" : "H:/FPGA/LPF+EQ+echo2+rev/src/top/audio_lookback.v",
   "Type" : "verilog"
  }
 ],
 "IncludePath" : [

 ],
 "LoopLimit" : 2000,
 "ResultFile" : "H:/FPGA/LPF+EQ+echo2+rev/impl/temp/rtl_parser.result",
 "Top" : "audio_lookback",
 "VerilogStd" : "verilog_2001",
 "VhdlStd" : "vhdl_93"
}