<?xml version="1.0" encoding="UTF-8"?>
<Module name="audio_lookback" Register="35" Alu="384" Lut="5">
    <SubModule name="Gowin_PLL"/>
    <SubModule name="WM8960_Init" Register="17" Alu="15" Lut="10">
        <SubModule name="I2C_Init_Dev" Register="9" Lut="18">
            <SubModule name="wm8960_init_table" Bsram="1"/>
            <SubModule name="i2c_control" Register="25" Lut="68">
                <SubModule name="i2c_bit_shift" Register="23" Lut="89"/>
            </SubModule>
        </SubModule>
    </SubModule>
    <SubModule name="i2s_rx" Register="81" Lut="71">
        <SubModule name="adc_fifo" Register="32">
            <SubModule name="async_fifo_ctrl_inst" Register="75" Alu="16" Lut="60"/>
            <SubModule name="dpram_inst" Bsram="1"/>
        </SubModule>
    </SubModule>
    <SubModule name="i2s_tx" Register="46" Lut="47">
        <SubModule name="dac_fifo" Register="32">
            <SubModule name="async_fifo_ctrl_inst" Register="75" Alu="16" Lut="61"/>
            <SubModule name="dpram_inst" Bsram="1"/>
        </SubModule>
    </SubModule>
    <SubModule name="fifo_rev_inst1" Register="96" Alu="11" Lut="89" Bsram="4"/>
    <SubModule name="fifo_rev_inst2" Register="96" Alu="11" Lut="89" Bsram="4"/>
    <SubModule name="fifo_rev_inst3" Register="96" Alu="11" Lut="89" Bsram="4"/>
    <SubModule name="fifo_rev_inst4" Register="96" Alu="11" Lut="89" Bsram="4"/>
    <SubModule name="fifo_rev_inst5" Register="96" Alu="11" Lut="89" Bsram="4"/>
    <SubModule name="fifo_rev_inst6" Register="96" Alu="11" Lut="89" Bsram="4"/>
    <SubModule name="fifo_rev_inst7" Register="96" Alu="11" Lut="89" Bsram="4"/>
    <SubModule name="fifo_rev_inst8" Register="96" Alu="11" Lut="89" Bsram="4"/>
    <SubModule name="fifo_rev_inst9" Register="96" Alu="11" Lut="89" Bsram="4"/>
    <SubModule name="fifo_rev_inst10" Register="96" Alu="11" Lut="89" Bsram="4"/>
    <SubModule name="fifo_rev_inst11" Register="96" Alu="11" Lut="89" Bsram="4"/>
    <SubModule name="fifo_rev_inst12" Register="96" Alu="11" Lut="89" Bsram="4"/>
</Module>
